category_id;name;parent_id
641beffe-ad22-11e4-8ee1-001b21a1ef75;ВИПІЧКА;e06c9455-cbc8-11e0-83f6-0027139014cf
5a13f735-9fe3-11e4-9016-001b21a1ef75;ГАРЯЧІ НАПОЇ;e06c9455-cbc8-11e0-83f6-0027139014cf
22b37919-ad25-11e4-8ee1-001b21a1ef75;КУЛІНАРІЯ;e06c9455-cbc8-11e0-83f6-0027139014cf
e06c955a-cbc8-11e0-83f6-0027139014cf;ГРІЛЬ;e06c9455-cbc8-11e0-83f6-0027139014cf
93ba6678-b4b6-11e3-b1b7-001b21a1ef75;РОДИНА;93ba6668-b4b6-11e3-b1b7-001b21a1ef75
bbe30a5c-ee41-11e4-80e4-001b21a1ef75;КУХАР РІШЕЛЬЄ;93ba6668-b4b6-11e3-b1b7-001b21a1ef75
bb6cba43-36e5-11e1-90cc-bcaec5951f9c;СЛАВОЛІЯ;93ba6668-b4b6-11e3-b1b7-001b21a1ef75
84467734-1278-11e0-acfe-00132107ba1d;СУМІШ ПРЯНОЩІВ РОШЕН;4f8c5eba-1271-11e0-acfe-00132107ba1d
0aec688c-170b-11e0-acfe-00132107ba1d;СМАКОВІ ПРИПРАВИ РОШЕН;4f8c5eba-1271-11e0-acfe-00132107ba1d
2f54212b-3939-11e2-87ee-000c29bf83a6;СИБОКО;93ba6681-b4b6-11e3-b1b7-001b21a1ef75
ad7712df-5ddd-11e4-abf9-001b21a1ef75;КРИСТАЛ;93ba6681-b4b6-11e3-b1b7-001b21a1ef75
0a64dbcf-cbca-11e0-83f6-0027139014cf;КОТАНІ;93ba6681-b4b6-11e3-b1b7-001b21a1ef75
9b3d99f0-3ff4-11e0-9ef8-00132107ba1d;ПРИПРАВА 10 ОВОЧІВ;93ba6684-b4b6-11e3-b1b7-001b21a1ef75
18b68650-cbc9-11e0-83f6-0027139014cf;СУКРАЗІТ;3da17685-b58f-11e3-b1b7-001b21a1ef75
13f8a3fe-6ef9-11e4-823f-001b21a1ef75;КАШТАН;13f8a3c9-6ef9-11e4-823f-001b21a1ef75
b4824201-436a-11e1-90cc-bcaec5951f9c;ВІВАТ ТОМАТ;575bc1c6-b4fb-11e3-b1b7-001b21a1ef75
f4d13d9a-7379-11e1-9cbd-000c29dfd89d;ІБЕРІКА;3da1767a-b58f-11e3-b1b7-001b21a1ef75
575bc1be-b4fb-11e3-b1b7-001b21a1ef75;КУНЦЕВО;575bc1ba-b4fb-11e3-b1b7-001b21a1ef75
575bc1ba-b4fb-11e3-b1b7-001b21a1ef75;СТРАВИ ШВИДКОГО ПРИГОТУВАННЯ;92bab8cb-11d1-11e0-acfe-00132107ba1d
f9c91471-6f19-11e4-823f-001b21a1ef75;ГОСПОДАРОЧКА;f9c9146c-6f19-11e4-823f-001b21a1ef75
721cc83f-928f-11e0-912b-00132107ba1c;КОРОЛІВСЬКИЙ СМАК;3da17689-b58f-11e3-b1b7-001b21a1ef75
2ea45e90-1539-11e3-8c04-001b21a1ef75;"ОЛІЯ ТM ""Королівський смак"" Тернопіль";38a2d367-e441-11e0-bba8-003048d2b64d
71fcf225-8b7c-11e4-bf77-001b21a1ef75;ОЛБІ-РОС КОРОНА;3da17687-b58f-11e3-b1b7-001b21a1ef75
75c4a7ee-b840-11e4-b0b3-001b21a1ef75;СТАРОКОСТЯНТИНІВ;3da17687-b58f-11e3-b1b7-001b21a1ef75
6fd66bc6-6fb5-11e4-823f-001b21a1ef75;ЖМЕНЬКА;6fd66bb1-6fb5-11e4-823f-001b21a1ef75
a97b3b74-718c-11e4-823f-001b21a1ef75;МЕДОБОРИ;6fd66bbc-6fb5-11e4-823f-001b21a1ef75
6fd66bc0-6fb5-11e4-823f-001b21a1ef75;БУКПАК;6fd66bbc-6fb5-11e4-823f-001b21a1ef75
0122f6e5-6fe8-11e4-823f-001b21a1ef75;ГОСТ;6fd66bbc-6fb5-11e4-823f-001b21a1ef75
6fd66bd2-6fb5-11e4-823f-001b21a1ef75;ЖМЕНЬКА;6fd66bba-6fb5-11e4-823f-001b21a1ef75
e6186012-d69d-11e4-98e2-001b21a1ef75;ЗОЛОТИЙ УРОЖАЙ;6fd66bb9-6fb5-11e4-823f-001b21a1ef75
0122f6e7-6fe8-11e4-823f-001b21a1ef75;ГОСТ;6fd66baa-6fb5-11e4-823f-001b21a1ef75
0084f65a-6f1b-11e4-823f-001b21a1ef75;ГРУПА РІТЕЙЛУ УКРАЇНИ;6fd66baa-6fb5-11e4-823f-001b21a1ef75
6fd66bd4-6fb5-11e4-823f-001b21a1ef75;ЖМЕНЬКА;6fd66bb7-6fb5-11e4-823f-001b21a1ef75
f5b29f85-6fc9-11e4-823f-001b21a1ef75;ГАДЗ;6fd66bb4-6fb5-11e4-823f-001b21a1ef75
0122f6d0-6fe8-11e4-823f-001b21a1ef75;ЛІТА;6fd66bb4-6fb5-11e4-823f-001b21a1ef75
6fd66bb4-6fb5-11e4-823f-001b21a1ef75;КУКУРУДЗЯНА КРУПА ТА БОРОШНО;93ba6699-b4b6-11e3-b1b7-001b21a1ef75
85f90483-ed0f-11e4-80e4-001b21a1ef75;ВІРМЕНСЬКИЙ;0475744f-1462-11e3-8c04-001b21a1ef75
11dbaaa9-8b40-11e4-bf77-001b21a1ef75;ЛЬВІВСЬКА ГОРІЛКА;65af3549-712c-11e3-9b54-001b21a1ef75
d1e5d14b-8688-11e4-9057-001b21a1ef75;ANGELO;93ba6667-b4b6-11e3-b1b7-001b21a1ef75
93ba6668-b4b6-11e3-b1b7-001b21a1ef75;МАЙОНЕЗ;92bab8cb-11d1-11e0-acfe-00132107ba1d
16ad4a3a-c88b-11e4-b418-001b21a1ef75;ВІЛІЯ;6fd66bb4-6fb5-11e4-823f-001b21a1ef75
93ba6681-b4b6-11e3-b1b7-001b21a1ef75;ПРИПРАВИ;92bab8cb-11d1-11e0-acfe-00132107ba1d
6ed4684f-c628-11e3-8f6d-001b21a1ef75;ЧУМАК;2b509c12-1267-11e0-acfe-00132107ba1d
0122f6ea-6fe8-11e4-823f-001b21a1ef75;ВІННИЦЬКИЙ КХП;6fd66bbd-6fb5-11e4-823f-001b21a1ef75
fd57b1ce-6e5f-11e4-823f-001b21a1ef75;WHITE HORSE;65af354a-712c-11e3-9b54-001b21a1ef75
ae70df25-ce9b-11e3-8f6d-001b21a1ef75;ПАНСЬКИЙ;3da1767a-b58f-11e3-b1b7-001b21a1ef75
830d49fe-16d8-11e3-8c04-001b21a1ef75;РІДНИЙ КРАЙ;3da1767a-b58f-11e3-b1b7-001b21a1ef75
04cdd9dc-c55c-11e3-8f6d-001b21a1ef75;ВЕРЕС;c302bce7-11d1-11e0-acfe-00132107ba1d
aabf7643-1f7b-11e2-8087-000c295faca5;SMARTY FAMILY;3da17674-b58f-11e3-b1b7-001b21a1ef75
3da17687-b58f-11e3-b1b7-001b21a1ef75;ЦУКОР;93ba6699-b4b6-11e3-b1b7-001b21a1ef75
fd57b1ac-6e5f-11e4-823f-001b21a1ef75;JOHNNIE WALKER;65af354a-712c-11e3-9b54-001b21a1ef75
fd57b1bf-6e5f-11e4-823f-001b21a1ef75;MEUKOW;0475744f-1462-11e3-8c04-001b21a1ef75
93ba6687-b4b6-11e3-b1b7-001b21a1ef75;РІДНИЙ ЛАН;93ba6681-b4b6-11e3-b1b7-001b21a1ef75
a7c9f49d-707d-11e4-823f-001b21a1ef75;ЗОЛОТЕ ЗЕРНО;93ba6681-b4b6-11e3-b1b7-001b21a1ef75
811d5603-a43b-11e3-a81c-001b21a1ef75;ХУТОРОК;3da17685-b58f-11e3-b1b7-001b21a1ef75
339c609a-81a0-11e3-a82a-001b21a1ef75;ПОЛТАВОЧКА;3da17689-b58f-11e3-b1b7-001b21a1ef75
d9cfd437-5278-11e3-9bf1-001b21a1ef75;ХУМАНА;3da17674-b58f-11e3-b1b7-001b21a1ef75
6fd66bae-6fb5-11e4-823f-001b21a1ef75;БУКПАК;6fd66bad-6fb5-11e4-823f-001b21a1ef75
b4db30ca-9282-11e0-912b-00132107ba1c;КОРОЛІВСЬКИЙ СМАК;93ba6668-b4b6-11e3-b1b7-001b21a1ef75
12cf7b72-43e3-11e0-9ef8-00132107ba1d;ПРИПРАВКА;93ba6681-b4b6-11e3-b1b7-001b21a1ef75
3da17677-b58f-11e3-b1b7-001b21a1ef75;НЕСТЛЕ;3da17685-b58f-11e3-b1b7-001b21a1ef75
a00ab420-566b-11e3-832c-001b21a1ef75;ТАЯ;93ba6693-b4b6-11e3-b1b7-001b21a1ef75
71165342-cbc9-11e0-83f6-0027139014cf;KATANA;6fd66ba3-6fb5-11e4-823f-001b21a1ef75
f9c91468-6f19-11e4-823f-001b21a1ef75;ЧУМАК;f9c9146c-6f19-11e4-823f-001b21a1ef75
93ba6690-b4b6-11e3-b1b7-001b21a1ef75;РОДИНА;c302bce7-11d1-11e0-acfe-00132107ba1d
bf49c1e7-ceb2-11e3-8f6d-001b21a1ef75;ЖМЕНЬКА;9b3d9a0a-3ff4-11e0-9ef8-00132107ba1d
aa3aede6-cbc9-11e0-83f6-0027139014cf;ОЛКОМ;93ba6668-b4b6-11e3-b1b7-001b21a1ef75
e33cf65b-dde7-11e4-98e2-001b21a1ef75;БАКАЛІЯ;93ba6681-b4b6-11e3-b1b7-001b21a1ef75
d3cace51-cbc8-11e0-83f6-0027139014cf;BRUGGEN;3da17685-b58f-11e3-b1b7-001b21a1ef75
39b91822-e69c-11e1-b99b-000c295faca5;КОЛИНДЯНСЬКІ ПРОДУКТИ;575bc1ba-b4fb-11e3-b1b7-001b21a1ef75
bcd361a2-c096-11e3-8f6d-001b21a1ef75;МАЙОЛА;93ba6667-b4b6-11e3-b1b7-001b21a1ef75
7fc48f54-646f-11e1-90cc-bcaec5951f9c;СЛАВІЯ;93ba6667-b4b6-11e3-b1b7-001b21a1ef75
22afa932-6e48-11e4-a90a-001b21a1ef75;ШАБО;04757449-1462-11e3-8c04-001b21a1ef75
fd57b1a0-6e5f-11e4-823f-001b21a1ef75;ХЛІБНА СЛЬОЗА;65af3549-712c-11e3-9b54-001b21a1ef75
575bc1bc-b4fb-11e3-b1b7-001b21a1ef75;РОДИНА;93ba6681-b4b6-11e3-b1b7-001b21a1ef75
2b509c0d-1267-11e0-acfe-00132107ba1d;МАГГІ;93ba6681-b4b6-11e3-b1b7-001b21a1ef75
bcfbf0bc-4599-11e0-92dd-00132107ba1d;ЧЕМПІОН;93ba6693-b4b6-11e3-b1b7-001b21a1ef75
d7c397dd-be81-11e4-985f-001b21a1ef75;АВАНТА;3da1767a-b58f-11e3-b1b7-001b21a1ef75
51f4585a-be91-11e4-985f-001b21a1ef75;АВАНТА;3da17689-b58f-11e3-b1b7-001b21a1ef75
85e38fea-2c9b-11e2-bd2b-000c29bf83a6;САДИ ПРИРОДИ;3da17674-b58f-11e3-b1b7-001b21a1ef75
6fd66bc3-6fb5-11e4-823f-001b21a1ef75;БУКПАК;6fd66bba-6fb5-11e4-823f-001b21a1ef75
f5b29f9b-6fc9-11e4-823f-001b21a1ef75;ЧЕМПІОН;6fd66baa-6fb5-11e4-823f-001b21a1ef75
0122f6c1-6fe8-11e4-823f-001b21a1ef75;ОЛІМП;6fd66bb4-6fb5-11e4-823f-001b21a1ef75
6fd66bc8-6fb5-11e4-823f-001b21a1ef75;ЖМЕНЬКА;6fd66bb4-6fb5-11e4-823f-001b21a1ef75
eb02003d-fb7c-11e2-8c04-001b21a1ef75;СМАЧНА КУХНЯ;93ba6681-b4b6-11e3-b1b7-001b21a1ef75
5e309bbe-cbc9-11e0-83f6-0027139014cf;ЗОЛОТЕ ЗЕРНО;3da17685-b58f-11e3-b1b7-001b21a1ef75
12a046af-cbc9-11e0-83f6-0027139014cf;МІЛФОРД;3da17685-b58f-11e3-b1b7-001b21a1ef75
a94a685d-4e25-11e4-bef8-001b21a1ef75;ХУТОРОК;f9c9146c-6f19-11e4-823f-001b21a1ef75
f5b29f7f-6fc9-11e4-823f-001b21a1ef75;БОНА;6fd66bb9-6fb5-11e4-823f-001b21a1ef75
f5b29f79-6fc9-11e4-823f-001b21a1ef75;БОНА;6fd66bbd-6fb5-11e4-823f-001b21a1ef75
0122f6d8-6fe8-11e4-823f-001b21a1ef75;ЛІТА;6fd66bb7-6fb5-11e4-823f-001b21a1ef75
f4d13d98-7379-11e1-9cbd-000c29dfd89d;ІБЕРІКА;93ba6667-b4b6-11e3-b1b7-001b21a1ef75
121ee106-c486-11e3-8f6d-001b21a1ef75;МАЛИШ;3da17674-b58f-11e3-b1b7-001b21a1ef75
6fd66bb1-6fb5-11e4-823f-001b21a1ef75;ГРЕЧКА;93ba6699-b4b6-11e3-b1b7-001b21a1ef75
0122f6c5-6fe8-11e4-823f-001b21a1ef75;ОЛІМП;6fd66bb9-6fb5-11e4-823f-001b21a1ef75
6fd66bbf-6fb5-11e4-823f-001b21a1ef75;БУКПАК;6fd66bb9-6fb5-11e4-823f-001b21a1ef75
0122f6c8-6fe8-11e4-823f-001b21a1ef75;ОЛІМП;f5b29f6a-6fc9-11e4-823f-001b21a1ef75
62e8de0b-126d-11e0-acfe-00132107ba1d;ПЕРЕЦЬ;4f8c5eba-1271-11e0-acfe-00132107ba1d
9b3d99ea-3ff4-11e0-9ef8-00132107ba1d;ТОРЧИН;2b509c12-1267-11e0-acfe-00132107ba1d
16ad4a43-c88b-11e4-b418-001b21a1ef75;ВІЛІЯ;6fd66bba-6fb5-11e4-823f-001b21a1ef75
f5b29f69-6fc9-11e4-823f-001b21a1ef75;ХАТИНКА;6fd66ba6-6fb5-11e4-823f-001b21a1ef75
f5b29f75-6fc9-11e4-823f-001b21a1ef75;БОНА;3da17687-b58f-11e3-b1b7-001b21a1ef75
7d5123f7-4899-11e0-b6fc-00132107ba1d;ЧУМАК;6fd66baa-6fb5-11e4-823f-001b21a1ef75
c0bbbc9c-2172-11e1-90cc-bcaec5951f9c;VIVA TATIA;93ba6693-b4b6-11e3-b1b7-001b21a1ef75
f9c91465-6f19-11e4-823f-001b21a1ef75;ДЕКО;67497241-7994-11e1-af28-000c295faca5
f5b29f61-6fc9-11e4-823f-001b21a1ef75;ХАТИНКА;6fd66bbd-6fb5-11e4-823f-001b21a1ef75
f68f860d-e762-11e4-8ee7-001b21a1ef75;SAINT REMY;8f1e0be3-7e88-11e3-a82a-001b21a1ef75
9b3d9a0d-3ff4-11e0-9ef8-00132107ba1d;ВІЛІС;93ba6693-b4b6-11e3-b1b7-001b21a1ef75
0336b094-7168-11e4-823f-001b21a1ef75;АНТАРЕС;3da17680-b58f-11e3-b1b7-001b21a1ef75
0122f6c2-6fe8-11e4-823f-001b21a1ef75;ОЛІМП;6fd66bbc-6fb5-11e4-823f-001b21a1ef75
e6186004-d69d-11e4-98e2-001b21a1ef75;ЗОЛОТИЙ УРОЖАЙ;6fd66bba-6fb5-11e4-823f-001b21a1ef75
f68f85ff-e762-11e4-8ee7-001b21a1ef75;GORDON'S;fd57b1c4-6e5f-11e4-823f-001b21a1ef75
c90443d3-db5f-11e3-9e2d-001b21a1ef75;ІНКЕРМАН;04757449-1462-11e3-8c04-001b21a1ef75
67ff183e-4ce9-11e1-90cc-bcaec5951f9c;ЯСЕН;3da17685-b58f-11e3-b1b7-001b21a1ef75
bdd60357-cbc9-11e0-83f6-0027139014cf;УМКА;3da17689-b58f-11e3-b1b7-001b21a1ef75
9f1f8963-986a-11e3-bed8-001b21a1ef75;ПРОМІНЬ;93ba6667-b4b6-11e3-b1b7-001b21a1ef75
dd165c17-7a2a-11e4-823f-001b21a1ef75;ОЛКОМ;2b509c12-1267-11e0-acfe-00132107ba1d
0122f6c0-6fe8-11e4-823f-001b21a1ef75;ОЛІМП;6fd66bb1-6fb5-11e4-823f-001b21a1ef75
0122f6e1-6fe8-11e4-823f-001b21a1ef75;ГОСТ;6fd66bba-6fb5-11e4-823f-001b21a1ef75
9b3d99f2-3ff4-11e0-9ef8-00132107ba1d;ПРИПРАВА  КУРЯЧА+ОВОЧЕВА;93ba6684-b4b6-11e3-b1b7-001b21a1ef75
13f8a3ca-6ef9-11e4-823f-001b21a1ef75;МОЛОДЦІ;13f8a3c9-6ef9-11e4-823f-001b21a1ef75
3da17685-b58f-11e3-b1b7-001b21a1ef75;ДІЄТИЧНЕ ХАРЧУВАННЯ;92bab8cb-11d1-11e0-acfe-00132107ba1d
f0dd571f-7b8b-11e4-823f-001b21a1ef75;ПОДІЛЬСЬКИЙ КРАЙ;93ba6693-b4b6-11e3-b1b7-001b21a1ef75
6ac9a39d-15d3-11e1-843c-00132107ba1d;ОЛІВ-ЛАЙН;3da1767a-b58f-11e3-b1b7-001b21a1ef75
57328b07-29a6-11e3-8c04-001b21a1ef75;ІЧНЯ;3da17689-b58f-11e3-b1b7-001b21a1ef75
ea552e54-cbc9-11e0-83f6-0027139014cf;СЛАВНЕ;93ba6667-b4b6-11e3-b1b7-001b21a1ef75
0122f6d7-6fe8-11e4-823f-001b21a1ef75;ЛІТА;6fd66bbd-6fb5-11e4-823f-001b21a1ef75
fd57b1b2-6e5f-11e4-823f-001b21a1ef75;БУЧАЧ;0475744f-1462-11e3-8c04-001b21a1ef75
dd165c18-7a2a-11e4-823f-001b21a1ef75;ХРІН;92bab8cb-11d1-11e0-acfe-00132107ba1d
f5b29f98-6fc9-11e4-823f-001b21a1ef75;ЧЕМПІОН;6fd66bbd-6fb5-11e4-823f-001b21a1ef75
f5b29f88-6fc9-11e4-823f-001b21a1ef75;ГАДЗ;6fd66bbd-6fb5-11e4-823f-001b21a1ef75
fd57b1cd-6e5f-11e4-823f-001b21a1ef75;TALISKER;65af354a-712c-11e3-9b54-001b21a1ef75
544f479c-b257-11e2-8fd5-001b21a1ef75;ЯМУНА;93ba6681-b4b6-11e3-b1b7-001b21a1ef75
fd40ef0c-be8a-11e4-985f-001b21a1ef75;АВАНТА;93ba6681-b4b6-11e3-b1b7-001b21a1ef75
13f8a3c6-6ef9-11e4-823f-001b21a1ef75;ХРУМТИК;13f8a3c9-6ef9-11e4-823f-001b21a1ef75
173e2aa1-cbca-11e0-83f6-0027139014cf;ТЬОТЯ СОНЯ;575bc1ba-b4fb-11e3-b1b7-001b21a1ef75
a9891dc2-7430-11e2-91a8-000c29bf83a6;БУКОВИНСЬКІ ЛАСОЩІ;3da17680-b58f-11e3-b1b7-001b21a1ef75
4ce6c4cf-e440-11e0-bba8-003048d2b64d;KAMA;93ba6667-b4b6-11e3-b1b7-001b21a1ef75
f5b29f7b-6fc9-11e4-823f-001b21a1ef75;БОНА;6fd66bbc-6fb5-11e4-823f-001b21a1ef75
6fd66bbc-6fb5-11e4-823f-001b21a1ef75;ПШЕНИЧНА КРУПА;93ba6699-b4b6-11e3-b1b7-001b21a1ef75
a97b3b6e-718c-11e4-823f-001b21a1ef75;МЕДОБОРИ;6fd66bad-6fb5-11e4-823f-001b21a1ef75
fd57b1c9-6e5f-11e4-823f-001b21a1ef75;CHIVAS REGAL;65af354a-712c-11e3-9b54-001b21a1ef75
4f8c5eba-1271-11e0-acfe-00132107ba1d;РОШЕН;93ba6681-b4b6-11e3-b1b7-001b21a1ef75
9b3d99f6-3ff4-11e0-9ef8-00132107ba1d;СІРНИКИ;92bab8cb-11d1-11e0-acfe-00132107ba1d
575bc1c6-b4fb-11e3-b1b7-001b21a1ef75;ТОМАТНА ПАСТА;92bab8cb-11d1-11e0-acfe-00132107ba1d
f5b29f86-6fc9-11e4-823f-001b21a1ef75;ГАДЗ;6fd66bba-6fb5-11e4-823f-001b21a1ef75
24048241-d902-11e4-98e2-001b21a1ef75;СЛАВА;6fd66baa-6fb5-11e4-823f-001b21a1ef75
6fd66bc4-6fb5-11e4-823f-001b21a1ef75;ЖМЕНЬКА;6fd66baa-6fb5-11e4-823f-001b21a1ef75
2f542129-3939-11e2-87ee-000c29bf83a6;ЗОЛОТЕ ЗЕРНО;575bc1ba-b4fb-11e3-b1b7-001b21a1ef75
948cb625-617d-11e2-91a7-000c29bf83a6;SIMILAC;3da17674-b58f-11e3-b1b7-001b21a1ef75
13f8a3c9-6ef9-11e4-823f-001b21a1ef75;ХЛІБЦІ;3da17685-b58f-11e3-b1b7-001b21a1ef75
d3caceb4-cbc8-11e0-83f6-0027139014cf;REGGIA DI CASERTA;93ba6693-b4b6-11e3-b1b7-001b21a1ef75
07327100-1268-11e0-acfe-00132107ba1d;РОДИНА;3da1767a-b58f-11e3-b1b7-001b21a1ef75
fd57b1cf-6e5f-11e4-823f-001b21a1ef75;ДОБРИК;67497241-7994-11e1-af28-000c295faca5
bdd60318-cbc9-11e0-83f6-0027139014cf;РОГАЧІВ;3da17689-b58f-11e3-b1b7-001b21a1ef75
7fc48f53-646f-11e1-90cc-bcaec5951f9c;ОЛКОМ;93ba6667-b4b6-11e3-b1b7-001b21a1ef75
5d225f3a-829d-11e3-a82a-001b21a1ef75;МОШУК;3da17685-b58f-11e3-b1b7-001b21a1ef75
f5b29f84-6fc9-11e4-823f-001b21a1ef75;ГАДЗ;6fd66bad-6fb5-11e4-823f-001b21a1ef75
71bc92eb-d6e6-11e4-98e2-001b21a1ef75;ХУТОРОК;9b3d9a0a-3ff4-11e0-9ef8-00132107ba1d
fd57b1bd-6e5f-11e4-823f-001b21a1ef75;РОМ;72d964ea-11d1-11e0-acfe-00132107ba1d
fd57b1aa-6e5f-11e4-823f-001b21a1ef75;MЕТАХА;8f1e0be3-7e88-11e3-a82a-001b21a1ef75
f9c91462-6f19-11e4-823f-001b21a1ef75;THE SINGLETON OF DUFFTOWN;65af354a-712c-11e3-9b54-001b21a1ef75
811d55c6-a43b-11e3-a81c-001b21a1ef75;ХУТОРОК;93ba6693-b4b6-11e3-b1b7-001b21a1ef75
aa3aeded-cbc9-11e0-83f6-0027139014cf;ПАПРИЧИ;f9c9146c-6f19-11e4-823f-001b21a1ef75
f5b29f89-6fc9-11e4-823f-001b21a1ef75;ХУТОРОК;6fd66baa-6fb5-11e4-823f-001b21a1ef75
6fd66bac-6fb5-11e4-823f-001b21a1ef75;БУКПАК;6fd66ba6-6fb5-11e4-823f-001b21a1ef75
da409465-cbc8-11e0-83f6-0027139014cf;ЗЕРНОСВІТ;6fd66ba6-6fb5-11e4-823f-001b21a1ef75
88e5b59a-e759-11e4-8ee7-001b21a1ef75;VAT 69;65af354a-712c-11e3-9b54-001b21a1ef75
ec11473a-1269-11e0-acfe-00132107ba1d;КВІТЕНЬ;93ba6681-b4b6-11e3-b1b7-001b21a1ef75
13f8a3c4-6ef9-11e4-823f-001b21a1ef75;ВІТЬБА;3da17685-b58f-11e3-b1b7-001b21a1ef75
dd165c19-7a2a-11e4-823f-001b21a1ef75;ВЕРЕС;dd165c18-7a2a-11e4-823f-001b21a1ef75
93ba6693-b4b6-11e3-b1b7-001b21a1ef75;МАКАРОНИ;92bab8cb-11d1-11e0-acfe-00132107ba1d
0c18f35f-cbc9-11e0-83f6-0027139014cf;МАЛЮТКА;3da17674-b58f-11e3-b1b7-001b21a1ef75
12a04667-cbc9-11e0-83f6-0027139014cf;ЖИТОМИРСЬКІ ЛАСОЩІ;3da17685-b58f-11e3-b1b7-001b21a1ef75
f5b29f95-6fc9-11e4-823f-001b21a1ef75;ЧЕМПІОН;6fd66bbc-6fb5-11e4-823f-001b21a1ef75
6fd66baf-6fb5-11e4-823f-001b21a1ef75;БУКПАК;6fd66baa-6fb5-11e4-823f-001b21a1ef75
f5b29fa0-6fc9-11e4-823f-001b21a1ef75;ЗОЛОТИЙ УРОЖАЙ;6fd66bbd-6fb5-11e4-823f-001b21a1ef75
5c798610-e377-11e4-8ee7-001b21a1ef75;GRAPE VODKA;65af3549-712c-11e3-9b54-001b21a1ef75
862bad3f-cbdd-11e4-b418-001b21a1ef75;НОВОСІЛКА;65af3549-712c-11e3-9b54-001b21a1ef75
9b3d99ec-3ff4-11e0-9ef8-00132107ba1d;ТОРЧИН;93ba6668-b4b6-11e3-b1b7-001b21a1ef75
1db239f9-c55c-11e3-8f6d-001b21a1ef75;ДЕРБІ;93ba6668-b4b6-11e3-b1b7-001b21a1ef75
ae70df29-ce9b-11e3-8f6d-001b21a1ef75;ВАЛ-ЯН;3da1767a-b58f-11e3-b1b7-001b21a1ef75
6ed46857-c628-11e3-8f6d-001b21a1ef75;ЩЕДРО;c302bce7-11d1-11e0-acfe-00132107ba1d
f5b29f7e-6fc9-11e4-823f-001b21a1ef75;БОНА;6fd66bb1-6fb5-11e4-823f-001b21a1ef75
0122f6c9-6fe8-11e4-823f-001b21a1ef75;ОЛІМП;6fd66bba-6fb5-11e4-823f-001b21a1ef75
8bd292e5-9af7-11e4-bed6-001b21a1ef75;МЕДОБОРИ;6fd66bb9-6fb5-11e4-823f-001b21a1ef75
018c2733-7ab8-11e4-823f-001b21a1ef75;АГРОХЛІБ;6fd66ba6-6fb5-11e4-823f-001b21a1ef75
6fd66bc2-6fb5-11e4-823f-001b21a1ef75;БУКПАК;6fd66bb7-6fb5-11e4-823f-001b21a1ef75
fd57b1ae-6e5f-11e4-823f-001b21a1ef75;JACK DANIELS;65af354a-712c-11e3-9b54-001b21a1ef75
fd57b1ad-6e5f-11e4-823f-001b21a1ef75;BUSHMILLS;65af354a-712c-11e3-9b54-001b21a1ef75
173e2a8e-cbca-11e0-83f6-0027139014cf;ТЕСТІ ФУД;93ba6681-b4b6-11e3-b1b7-001b21a1ef75
51f4586e-be91-11e4-985f-001b21a1ef75;АВАНТА;575bc1c6-b4fb-11e3-b1b7-001b21a1ef75
f5b29f74-6fc9-11e4-823f-001b21a1ef75;САХАРОК;3da17687-b58f-11e3-b1b7-001b21a1ef75
a7c9f496-707d-11e4-823f-001b21a1ef75;ІНШЕ;3da17687-b58f-11e3-b1b7-001b21a1ef75
0122f6ef-6fe8-11e4-823f-001b21a1ef75;ВІННИЦЬКИЙ КХП;6fd66bb7-6fb5-11e4-823f-001b21a1ef75
f5b29f9d-6fc9-11e4-823f-001b21a1ef75;ЧЕМПІОН;6fd66bb4-6fb5-11e4-823f-001b21a1ef75
607f6499-0886-11e2-a416-000c295faca5;ЕКОТЕХНІКА;3da17685-b58f-11e3-b1b7-001b21a1ef75
d3cad01d-cbc8-11e0-83f6-0027139014cf;ГАЛІНА БЛАНКА;93ba6693-b4b6-11e3-b1b7-001b21a1ef75
f9c91480-6f19-11e4-823f-001b21a1ef75;ІНШЕ;67497241-7994-11e1-af28-000c295faca5
08940136-710d-11e2-91a7-000c29bf83a6;ОЛЕЙНА;93ba6667-b4b6-11e3-b1b7-001b21a1ef75
f5b29f92-6fc9-11e4-823f-001b21a1ef75;ХУТОРОК;6fd66bb7-6fb5-11e4-823f-001b21a1ef75
88e5b5ac-e759-11e4-8ee7-001b21a1ef75;BELLS;65af354a-712c-11e3-9b54-001b21a1ef75
93ba6683-b4b6-11e3-b1b7-001b21a1ef75;АНТАРЕС;93ba6681-b4b6-11e3-b1b7-001b21a1ef75
3da1767b-b58f-11e3-b1b7-001b21a1ef75;РУНА;3da1767a-b58f-11e3-b1b7-001b21a1ef75
890dcb50-b51d-11e1-a6ce-000c295faca5;SANTA VITA;3da17680-b58f-11e3-b1b7-001b21a1ef75
58217153-6f04-11e4-823f-001b21a1ef75;ЛЮБОНЬКА;93ba6667-b4b6-11e3-b1b7-001b21a1ef75
0bd112db-fb0d-11e4-a96b-001b21a1ef75;БАКАЛІЯ;6fd66bbc-6fb5-11e4-823f-001b21a1ef75
f5b29f72-6fc9-11e4-823f-001b21a1ef75;БОНА;6fd66bad-6fb5-11e4-823f-001b21a1ef75
f5b29f7a-6fc9-11e4-823f-001b21a1ef75;БОНА;6fd66bb4-6fb5-11e4-823f-001b21a1ef75
fd57b1b0-6e5f-11e4-823f-001b21a1ef75;WILLIAM LAWSON'S;65af354a-712c-11e3-9b54-001b21a1ef75
bdd6032f-cbc9-11e0-83f6-0027139014cf;ОМКА;3da17689-b58f-11e3-b1b7-001b21a1ef75
0c18f32c-cbc9-11e0-83f6-0027139014cf;ХОРОЛ;3da17674-b58f-11e3-b1b7-001b21a1ef75
6fd66bb2-6fb5-11e4-823f-001b21a1ef75;БУКПАК;6fd66bb1-6fb5-11e4-823f-001b21a1ef75
666523d7-ddea-11e4-98e2-001b21a1ef75;ДОЛИНА;6fd66bbc-6fb5-11e4-823f-001b21a1ef75
6fd66bc7-6fb5-11e4-823f-001b21a1ef75;ЖМЕНЬКА;6fd66ba6-6fb5-11e4-823f-001b21a1ef75
6fd66bd8-6fb5-11e4-823f-001b21a1ef75;ХАТИНКА;6fd66bad-6fb5-11e4-823f-001b21a1ef75
f9c91474-6f19-11e4-823f-001b21a1ef75;ЩЕДРО;f9c9146c-6f19-11e4-823f-001b21a1ef75
f4d13d95-7379-11e1-9cbd-000c29dfd89d;РОЗУМНИЦЯ;93ba6667-b4b6-11e3-b1b7-001b21a1ef75
0122f6e0-6fe8-11e4-823f-001b21a1ef75;ГОСТ;6fd66bb1-6fb5-11e4-823f-001b21a1ef75
6fd66bba-6fb5-11e4-823f-001b21a1ef75;ЯЧМІННА КРУПА;93ba6699-b4b6-11e3-b1b7-001b21a1ef75
0122f6bc-6fe8-11e4-823f-001b21a1ef75;ЗОЛОТИЙ УРОЖАЙ;6fd66baa-6fb5-11e4-823f-001b21a1ef75
f5b29f87-6fc9-11e4-823f-001b21a1ef75;ГАДЗ;6fd66baa-6fb5-11e4-823f-001b21a1ef75
f5b29f8e-6fc9-11e4-823f-001b21a1ef75;ХУТОРОК;6fd66bbd-6fb5-11e4-823f-001b21a1ef75
1880b99c-eccb-11e4-80e4-001b21a1ef75;СТАРИЙ РИНОК;fd57b1a8-6e5f-11e4-823f-001b21a1ef75
0122f6ca-6fe8-11e4-823f-001b21a1ef75;ОЛІМП;93ba6693-b4b6-11e3-b1b7-001b21a1ef75
3da1767a-b58f-11e3-b1b7-001b21a1ef75;ОЦЕТ;92bab8cb-11d1-11e0-acfe-00132107ba1d
05c2ff2a-cbc9-11e0-83f6-0027139014cf;HEINZ;3da17674-b58f-11e3-b1b7-001b21a1ef75
16ad4a31-c88b-11e4-b418-001b21a1ef75;ВІЛІЯ;6fd66bb9-6fb5-11e4-823f-001b21a1ef75
0122f6c6-6fe8-11e4-823f-001b21a1ef75;ОЛІМП;6fd66bb7-6fb5-11e4-823f-001b21a1ef75
fd57b1c4-6e5f-11e4-823f-001b21a1ef75;ДЖИН;72d964ea-11d1-11e0-acfe-00132107ba1d
68da22d4-15c2-11e1-843c-00132107ba1d;КИЇВСЬКА МАКАРОННА ФАБРИКА;93ba6693-b4b6-11e3-b1b7-001b21a1ef75
bf49c1f1-ceb2-11e3-8f6d-001b21a1ef75;АMRA;3da17680-b58f-11e3-b1b7-001b21a1ef75
f9c91453-6f19-11e4-823f-001b21a1ef75;СЛОВ'ЯНСЬКЕ ЗОЛОТО;93ba6667-b4b6-11e3-b1b7-001b21a1ef75
0122f6ed-6fe8-11e4-823f-001b21a1ef75;ВІННИЦЬКИЙ КХП;6fd66bba-6fb5-11e4-823f-001b21a1ef75
6fd66bab-6fb5-11e4-823f-001b21a1ef75;АРО;6fd66baa-6fb5-11e4-823f-001b21a1ef75
6fd66bd7-6fb5-11e4-823f-001b21a1ef75;ЖМЕНЬКА;6fd66bbd-6fb5-11e4-823f-001b21a1ef75
4d61b578-6ff1-11e4-823f-001b21a1ef75;ВАЛ - ЯН;6fd66bad-6fb5-11e4-823f-001b21a1ef75
d3caced3-cbc8-11e0-83f6-0027139014cf;SALUTE DI MARE;9b3d9a0a-3ff4-11e0-9ef8-00132107ba1d
f9aa1bc3-1267-11e0-acfe-00132107ba1d;ГЕРКУЛЕС;3da17685-b58f-11e3-b1b7-001b21a1ef75
d3cacea3-cbc8-11e0-83f6-0027139014cf;O-LA-LA;93ba6693-b4b6-11e3-b1b7-001b21a1ef75
aa3aebe3-cbc9-11e0-83f6-0027139014cf;KULA;f9c9146c-6f19-11e4-823f-001b21a1ef75
0336b0a8-7168-11e4-823f-001b21a1ef75;РОДИНА;3da17680-b58f-11e3-b1b7-001b21a1ef75
85cebb89-bda2-11e4-985f-001b21a1ef75;МЕДОБОРИ;3da17687-b58f-11e3-b1b7-001b21a1ef75
4d61b57d-6ff1-11e4-823f-001b21a1ef75;ВАЛ - ЯН;6fd66bb4-6fb5-11e4-823f-001b21a1ef75
8f1e0be3-7e88-11e3-a82a-001b21a1ef75;БРЕНДІ;72d964ea-11d1-11e0-acfe-00132107ba1d
0a64db8e-cbca-11e0-83f6-0027139014cf;КНОРР;93ba6681-b4b6-11e3-b1b7-001b21a1ef75
e06c93a3-cbc8-11e0-83f6-0027139014cf;ФРУКТАЛІЯ;3da17685-b58f-11e3-b1b7-001b21a1ef75
bcd361ae-c096-11e3-8f6d-001b21a1ef75;СОНЯШНА;93ba6667-b4b6-11e3-b1b7-001b21a1ef75
0c18f4db-cbc9-11e0-83f6-0027139014cf;ТЬОМА;3da17674-b58f-11e3-b1b7-001b21a1ef75
a97b3b6b-718c-11e4-823f-001b21a1ef75;МЕДОБОРИ;6fd66bb1-6fb5-11e4-823f-001b21a1ef75
f5b29f8f-6fc9-11e4-823f-001b21a1ef75;ХУТОРОК;6fd66bb9-6fb5-11e4-823f-001b21a1ef75
e45de3d4-093a-11e1-8b18-00132107ba1d;ДЕКО;93ba6681-b4b6-11e3-b1b7-001b21a1ef75
e33cf663-dde7-11e4-98e2-001b21a1ef75;БАКАЛІЯ;3da17680-b58f-11e3-b1b7-001b21a1ef75
f5b29f9f-6fc9-11e4-823f-001b21a1ef75;ЗОЛОТИЙ УРОЖАЙ;6fd66bb1-6fb5-11e4-823f-001b21a1ef75
460544e9-1270-11e0-acfe-00132107ba1d;ПІКАНТНА КУХНЯ;93ba6681-b4b6-11e3-b1b7-001b21a1ef75
04cdd9e3-c55c-11e3-8f6d-001b21a1ef75;ЧУМАК;575bc1c6-b4fb-11e3-b1b7-001b21a1ef75
f9c9147c-6f19-11e4-823f-001b21a1ef75;ХОЛІДЕЙ;575bc1c6-b4fb-11e3-b1b7-001b21a1ef75
4f89b80a-39fa-11e2-87ee-000c29bf83a6;МАКАРЕЛА;93ba6693-b4b6-11e3-b1b7-001b21a1ef75
ae70df1d-ce9b-11e3-8f6d-001b21a1ef75;РОДИНА;2b509c12-1267-11e0-acfe-00132107ba1d
ad7712d5-5ddd-11e4-abf9-001b21a1ef75;КРИСТАЛ;3da17687-b58f-11e3-b1b7-001b21a1ef75
a97b3b71-718c-11e4-823f-001b21a1ef75;МЕДОБОРИ;6fd66bba-6fb5-11e4-823f-001b21a1ef75
6fd66bb9-6fb5-11e4-823f-001b21a1ef75;ПЕРЛОВА КРУПА;93ba6699-b4b6-11e3-b1b7-001b21a1ef75
0122f6f4-6fe8-11e4-823f-001b21a1ef75;ВАЛ - ЯН;f5b29f6a-6fc9-11e4-823f-001b21a1ef75
fd57b19c-6e5f-11e4-823f-001b21a1ef75;НАШ КИЇВ;04757451-1462-11e3-8c04-001b21a1ef75
13f8a3c8-6ef9-11e4-823f-001b21a1ef75;ЕКОНА;3da17685-b58f-11e3-b1b7-001b21a1ef75
cf1f375c-947f-11e3-9889-001b21a1ef75;КОЗУБ;3da17685-b58f-11e3-b1b7-001b21a1ef75
f9c91470-6f19-11e4-823f-001b21a1ef75;РОДИНА;f9c9146c-6f19-11e4-823f-001b21a1ef75
0c18f436-cbc9-11e0-83f6-0027139014cf;НОРДІК;3da17674-b58f-11e3-b1b7-001b21a1ef75
f5b29f63-6fc9-11e4-823f-001b21a1ef75;ХАТИНКА;6fd66bb9-6fb5-11e4-823f-001b21a1ef75
0122f6db-6fe8-11e4-823f-001b21a1ef75;ЛІТА;f5b29f6a-6fc9-11e4-823f-001b21a1ef75
f68f85f1-e762-11e4-8ee7-001b21a1ef75;CAPTAIN MORGAN;fd57b1bd-6e5f-11e4-823f-001b21a1ef75
04cdd9e0-c55c-11e3-8f6d-001b21a1ef75;МАРИНАДО;575bc1c6-b4fb-11e3-b1b7-001b21a1ef75
04cdd9d0-c55c-11e3-8f6d-001b21a1ef75;ГОСПОДАРОЧКА;575bc1c6-b4fb-11e3-b1b7-001b21a1ef75
93ba6695-b4b6-11e3-b1b7-001b21a1ef75;МІВІНА;93ba6693-b4b6-11e3-b1b7-001b21a1ef75
8697a8d3-2be6-11e1-90cc-bcaec5951f9c;SERGINI;93ba6693-b4b6-11e3-b1b7-001b21a1ef75
93ba668e-b4b6-11e3-b1b7-001b21a1ef75;РУНА;f9c9146c-6f19-11e4-823f-001b21a1ef75
f9c9146c-6f19-11e4-823f-001b21a1ef75;СОУС;93ba668c-b4b6-11e3-b1b7-001b21a1ef75
04cdd9dd-c55c-11e3-8f6d-001b21a1ef75;ВЕРЕС;2b509c12-1267-11e0-acfe-00132107ba1d
f5b29f8c-6fc9-11e4-823f-001b21a1ef75;ХУТОРОК;6fd66bbc-6fb5-11e4-823f-001b21a1ef75
6fd66bdd-6fb5-11e4-823f-001b21a1ef75;ХАТИНКА;6fd66bbc-6fb5-11e4-823f-001b21a1ef75
fd57b1ca-6e5f-11e4-823f-001b21a1ef75;CROWN ROYAL;65af354a-712c-11e3-9b54-001b21a1ef75
6fd66ba3-6fb5-11e4-823f-001b21a1ef75;ДЛЯ СУШІ;92bab8cb-11d1-11e0-acfe-00132107ba1d
9b3d99e9-3ff4-11e0-9ef8-00132107ba1d;ТОРЧИН;f9c91478-6f19-11e4-823f-001b21a1ef75
f9c91469-6f19-11e4-823f-001b21a1ef75;ЧУМАК;c302bce7-11d1-11e0-acfe-00132107ba1d
57328b04-29a6-11e3-8c04-001b21a1ef75;MAMA MILLA;3da17689-b58f-11e3-b1b7-001b21a1ef75
f9c91456-6f19-11e4-823f-001b21a1ef75;ЯРОЛІЯ;93ba6667-b4b6-11e3-b1b7-001b21a1ef75
0686a01d-d76d-11e4-98e2-001b21a1ef75;ДОЛИНА;6fd66bb1-6fb5-11e4-823f-001b21a1ef75
76096c7a-126e-11e0-acfe-00132107ba1d;ЧУМАК;6fd66bb1-6fb5-11e4-823f-001b21a1ef75
f5b29f77-6fc9-11e4-823f-001b21a1ef75;ІЛНА;f5b29f6a-6fc9-11e4-823f-001b21a1ef75
fd57b19d-6e5f-11e4-823f-001b21a1ef75;МАРТІНІ АСТІ;04757451-1462-11e3-8c04-001b21a1ef75
be8d3f5f-14d7-11e1-843c-00132107ba1d;HOLIDEY;93ba6668-b4b6-11e3-b1b7-001b21a1ef75
bf23851b-f568-11e0-8b18-00132107ba1d;ЧЕМПІОН;93ba6681-b4b6-11e3-b1b7-001b21a1ef75
3f902b9f-b817-11e4-8a99-001b21a1ef75;БОГУМИЛА;6fd66ba6-6fb5-11e4-823f-001b21a1ef75
3676da5e-8c36-11e4-bf77-001b21a1ef75;МЕДОБОРИ;6fd66bb7-6fb5-11e4-823f-001b21a1ef75
4d61b57b-6ff1-11e4-823f-001b21a1ef75;ВАЛ - ЯН;6fd66bb7-6fb5-11e4-823f-001b21a1ef75
e1176db3-a5f0-11e4-a93d-001b21a1ef75;СЛАВА;6fd66bb4-6fb5-11e4-823f-001b21a1ef75
7b007215-34bf-11e3-8c0a-001b21a1ef75;МОРЯЧКА;9b3d9a0a-3ff4-11e0-9ef8-00132107ba1d
1cd43f67-b647-11e3-b1b7-001b21a1ef75;КНУТ ПП;3da17685-b58f-11e3-b1b7-001b21a1ef75
80ef92b2-126e-11e0-acfe-00132107ba1d;RAVІКА;93ba6667-b4b6-11e3-b1b7-001b21a1ef75
6fd66bd5-6fb5-11e4-823f-001b21a1ef75;ЖМЕНЬКА;6fd66bbc-6fb5-11e4-823f-001b21a1ef75
e6185ffb-d69d-11e4-98e2-001b21a1ef75;ЗОЛОТИЙ УРОЖАЙ;6fd66bb7-6fb5-11e4-823f-001b21a1ef75
ae70df2a-ce9b-11e3-8f6d-001b21a1ef75;БОНА;3da1767a-b58f-11e3-b1b7-001b21a1ef75
0a64db1a-cbca-11e0-83f6-0027139014cf;КАРАВАН;575bc1ba-b4fb-11e3-b1b7-001b21a1ef75
138c91bc-126d-11e0-acfe-00132107ba1d;МІВІНА;575bc1ba-b4fb-11e3-b1b7-001b21a1ef75
6fd66baa-6fb5-11e4-823f-001b21a1ef75;РИС;93ba6699-b4b6-11e3-b1b7-001b21a1ef75
08940137-710d-11e2-91a7-000c29bf83a6;ОЛЕЙНА;93ba6668-b4b6-11e3-b1b7-001b21a1ef75
2fe0e2c5-d09b-11e1-99bc-000c295faca5;КОСТРОВОК;93ba6681-b4b6-11e3-b1b7-001b21a1ef75
c6ea5f47-d666-11e2-9c91-001b21a1ef75;ЖМЕНЬКА;3da17685-b58f-11e3-b1b7-001b21a1ef75
0122f6ce-6fe8-11e4-823f-001b21a1ef75;ЛІТА;6fd66bb1-6fb5-11e4-823f-001b21a1ef75
0122f6ee-6fe8-11e4-823f-001b21a1ef75;ВІННИЦЬКИЙ КХП;6fd66bb9-6fb5-11e4-823f-001b21a1ef75
bb46747c-be78-11e4-985f-001b21a1ef75;ТОВ КВФ C&C;6fd66bbd-6fb5-11e4-823f-001b21a1ef75
a5e1eecb-774f-11e2-91a8-000c29bf83a6;СОРЕЛЬ;3da17685-b58f-11e3-b1b7-001b21a1ef75
d3cacee6-cbc8-11e0-83f6-0027139014cf;АГРОТОН;93ba6693-b4b6-11e3-b1b7-001b21a1ef75
2b80de5e-714b-11e4-823f-001b21a1ef75;БОН ХЕРСОН;f9c9146c-6f19-11e4-823f-001b21a1ef75
bcd3619b-c096-11e3-8f6d-001b21a1ef75;ЩЕДРИЙ ДАР;93ba6667-b4b6-11e3-b1b7-001b21a1ef75
0122f6dc-6fe8-11e4-823f-001b21a1ef75;ЛІТА;6fd66bb9-6fb5-11e4-823f-001b21a1ef75
4d61b57e-6ff1-11e4-823f-001b21a1ef75;ВАЛ - ЯН;6fd66baa-6fb5-11e4-823f-001b21a1ef75
37ad3690-15d7-11e1-843c-00132107ba1d;ФОРЕС;93ba6668-b4b6-11e3-b1b7-001b21a1ef75
93ba666a-b4b6-11e3-b1b7-001b21a1ef75;ЧУМАК;93ba6668-b4b6-11e3-b1b7-001b21a1ef75
e73e421b-6e7f-11e1-90cc-bcaec5951f9c;АМО;575bc1ba-b4fb-11e3-b1b7-001b21a1ef75
0336b093-7168-11e4-823f-001b21a1ef75;ДУБНО;3da17680-b58f-11e3-b1b7-001b21a1ef75
e1176db6-a5f0-11e4-a93d-001b21a1ef75;СЛАВА;6fd66bad-6fb5-11e4-823f-001b21a1ef75
58217152-6f04-11e4-823f-001b21a1ef75;РОЗМАЙ;93ba6668-b4b6-11e3-b1b7-001b21a1ef75
721cc817-928f-11e0-912b-00132107ba1c;КОРОЛІВСЬКИЙ СМАК;575bc1c6-b4fb-11e3-b1b7-001b21a1ef75
f9c91478-6f19-11e4-823f-001b21a1ef75;ГАРЯЧА КРУЖКА;575bc1ba-b4fb-11e3-b1b7-001b21a1ef75
f5b29f6d-6fc9-11e4-823f-001b21a1ef75;ХАТИНКА;f5b29f6a-6fc9-11e4-823f-001b21a1ef75
9b3d99f1-3ff4-11e0-9ef8-00132107ba1d;ПРИПРАВА ВЕСНЯНА ЗЕЛЕНЬ Торчин;93ba6684-b4b6-11e3-b1b7-001b21a1ef75
8c04f332-cc73-11e4-b418-001b21a1ef75;СТАРТ;3da17685-b58f-11e3-b1b7-001b21a1ef75
192b3b7d-be87-11e4-985f-001b21a1ef75;АВАНТА;3da17685-b58f-11e3-b1b7-001b21a1ef75
127dea66-594d-11e1-90cc-bcaec5951f9c;КОКШАРОВ;93ba6693-b4b6-11e3-b1b7-001b21a1ef75
0b9cab43-15f6-11e3-8c04-001b21a1ef75;ЧУМАК;93ba6693-b4b6-11e3-b1b7-001b21a1ef75
ae70df27-ce9b-11e3-8f6d-001b21a1ef75;СОЛОДКА МРІЯ;3da1767a-b58f-11e3-b1b7-001b21a1ef75
6fd66bd6-6fb5-11e4-823f-001b21a1ef75;ЖМЕНЬКА;6fd66bad-6fb5-11e4-823f-001b21a1ef75
8f1e0bd8-7e88-11e3-a82a-001b21a1ef75;СМІРНОВ;65af3549-712c-11e3-9b54-001b21a1ef75
0c18f2ca-cbc9-11e0-83f6-0027139014cf;КАРАПУЗ;3da17674-b58f-11e3-b1b7-001b21a1ef75
721cc826-928f-11e0-912b-00132107ba1c;КОРОЛІВСЬКИЙ СМАК;2b509c12-1267-11e0-acfe-00132107ba1d
d3cacf29-cbc8-11e0-83f6-0027139014cf;АТА;3da17687-b58f-11e3-b1b7-001b21a1ef75
0122f6f1-6fe8-11e4-823f-001b21a1ef75;ГРУПА РІТЕЙЛУ УКРАЇНИ;6fd66bbd-6fb5-11e4-823f-001b21a1ef75
f5b29f96-6fc9-11e4-823f-001b21a1ef75;ЧЕМПІОН;f5b29f6a-6fc9-11e4-823f-001b21a1ef75
0122f6bf-6fe8-11e4-823f-001b21a1ef75;ОЛІМП;6fd66bad-6fb5-11e4-823f-001b21a1ef75
fd57b1b6-6e5f-11e4-823f-001b21a1ef75;BAILEYS;fd57b1a8-6e5f-11e4-823f-001b21a1ef75
575bc1c7-b4fb-11e3-b1b7-001b21a1ef75;РІДНИЙ КРАЙ;575bc1c6-b4fb-11e3-b1b7-001b21a1ef75
40b07db5-1267-11e0-acfe-00132107ba1d;ТАЯ 1кг;a00ab420-566b-11e3-832c-001b21a1ef75
ea552d9d-cbc9-11e0-83f6-0027139014cf;LA ESPANOLA;93ba6667-b4b6-11e3-b1b7-001b21a1ef75
6fd66bd9-6fb5-11e4-823f-001b21a1ef75;ХАТИНКА;6fd66baa-6fb5-11e4-823f-001b21a1ef75
6fd66bbd-6fb5-11e4-823f-001b21a1ef75;МАНКА;93ba6699-b4b6-11e3-b1b7-001b21a1ef75
31c7ea94-b1cb-11e4-8a99-001b21a1ef75;СЛАВА;f5b29f6a-6fc9-11e4-823f-001b21a1ef75
0122f6cd-6fe8-11e4-823f-001b21a1ef75;ЛІТА;6fd66bad-6fb5-11e4-823f-001b21a1ef75
f5b29f80-6fc9-11e4-823f-001b21a1ef75;БОНА;6fd66bb7-6fb5-11e4-823f-001b21a1ef75
f9c9147f-6f19-11e4-823f-001b21a1ef75;ІНШЕ;fd57b1a8-6e5f-11e4-823f-001b21a1ef75
5e309c31-cbc9-11e0-83f6-0027139014cf;КУНЦЕВО;3da17685-b58f-11e3-b1b7-001b21a1ef75
18b68657-cbc9-11e0-83f6-0027139014cf;ХБФ;3da17685-b58f-11e3-b1b7-001b21a1ef75
da40946e-cbc8-11e0-83f6-0027139014cf;ЗЛАКОВО;3da17685-b58f-11e3-b1b7-001b21a1ef75
4d61b57c-6ff1-11e4-823f-001b21a1ef75;ВАЛ - ЯН;6fd66bba-6fb5-11e4-823f-001b21a1ef75
f5b29f83-6fc9-11e4-823f-001b21a1ef75;ГАДЗ;6fd66bb9-6fb5-11e4-823f-001b21a1ef75
f5b29f99-6fc9-11e4-823f-001b21a1ef75;ЧЕМПІОН;6fd66bb9-6fb5-11e4-823f-001b21a1ef75
3676da50-8c36-11e4-bf77-001b21a1ef75;КУТЯ;93ba6699-b4b6-11e3-b1b7-001b21a1ef75
6ed4683a-c628-11e3-8f6d-001b21a1ef75;ХОЛІДЕЙ;c302bce7-11d1-11e0-acfe-00132107ba1d
6fd66ba4-6fb5-11e4-823f-001b21a1ef75;ІНШЕ;3da17689-b58f-11e3-b1b7-001b21a1ef75
38a2d367-e441-11e0-bba8-003048d2b64d;КОРОЛІВСЬКИЙ СМАК;93ba6667-b4b6-11e3-b1b7-001b21a1ef75
03d9d082-d0fa-11e3-acbf-001b21a1ef75;КОБЛЕВО;04757449-1462-11e3-8c04-001b21a1ef75
f9c9147e-6f19-11e4-823f-001b21a1ef75;ІНШЕ;65af354a-712c-11e3-9b54-001b21a1ef75
40b07db8-1267-11e0-acfe-00132107ba1d;КОЗАЧОК;93ba6693-b4b6-11e3-b1b7-001b21a1ef75
1cb43e0b-a449-11e3-a81c-001b21a1ef75;LA PASTA;93ba6693-b4b6-11e3-b1b7-001b21a1ef75
9b3d99ed-3ff4-11e0-9ef8-00132107ba1d;ТОРЧИН;f9c9146c-6f19-11e4-823f-001b21a1ef75
93ba668c-b4b6-11e3-b1b7-001b21a1ef75;СОУСИ+КЕТЧУПИ;92bab8cb-11d1-11e0-acfe-00132107ba1d
67497241-7994-11e1-af28-000c295faca5;ДО ПАСХИ;92bab8cb-11d1-11e0-acfe-00132107ba1d
9b3d9a09-3ff4-11e0-9ef8-00132107ba1d;GARNA;93ba6667-b4b6-11e3-b1b7-001b21a1ef75
6fd66ba6-6fb5-11e4-823f-001b21a1ef75;БОРОШНО;93ba6699-b4b6-11e3-b1b7-001b21a1ef75
8e14e5a6-59b2-11e4-abf9-001b21a1ef75;ВИНЛЮКС;04757449-1462-11e3-8c04-001b21a1ef75
13f8a3ff-6ef9-11e4-823f-001b21a1ef75;ХУМУС;93ba6681-b4b6-11e3-b1b7-001b21a1ef75
93ba668f-b4b6-11e3-b1b7-001b21a1ef75;РІДНИЙ КРАЙ;f9c9146c-6f19-11e4-823f-001b21a1ef75
f5b29f9c-6fc9-11e4-823f-001b21a1ef75;ЧЕМПІОН;6fd66bb1-6fb5-11e4-823f-001b21a1ef75
93d4013e-cecc-11e4-bfef-001b21a1ef75;СЛАВА;6fd66bba-6fb5-11e4-823f-001b21a1ef75
f0dd571e-7b8b-11e4-823f-001b21a1ef75;ПОДІЛЬСЬКИЙ КРАЙ;6fd66ba6-6fb5-11e4-823f-001b21a1ef75
f5b29f6a-6fc9-11e4-823f-001b21a1ef75;ВІВСЯНІ ПЛАСТІВЦІ;93ba6699-b4b6-11e3-b1b7-001b21a1ef75
fd57b19f-6e5f-11e4-823f-001b21a1ef75;КРІКОВА;04757451-1462-11e3-8c04-001b21a1ef75
13f8a3cb-6ef9-11e4-823f-001b21a1ef75;УДАЛЬЦІ;13f8a3c9-6ef9-11e4-823f-001b21a1ef75
0336b09f-7168-11e4-823f-001b21a1ef75;СТИМУЛ;3da17680-b58f-11e3-b1b7-001b21a1ef75
0122f6d2-6fe8-11e4-823f-001b21a1ef75;ЛІТА;6fd66bba-6fb5-11e4-823f-001b21a1ef75
4b4c0d83-ea95-11e0-9a90-003048d2b64d;РАНОК;6fd66baa-6fb5-11e4-823f-001b21a1ef75
0122f6e3-6fe8-11e4-823f-001b21a1ef75;ГОСТ;6fd66bbd-6fb5-11e4-823f-001b21a1ef75
0122f6df-6fe8-11e4-823f-001b21a1ef75;ГОСТ;6fd66bad-6fb5-11e4-823f-001b21a1ef75
6fd66bad-6fb5-11e4-823f-001b21a1ef75;ГОРОХ;93ba6699-b4b6-11e3-b1b7-001b21a1ef75
d1ac174a-6627-11e2-91a7-000c29bf83a6;FINN CRISP;13f8a3c9-6ef9-11e4-823f-001b21a1ef75
93ba6692-b4b6-11e3-b1b7-001b21a1ef75;КОРОЛІВСЬКИЙ СМАК;f9c9146c-6f19-11e4-823f-001b21a1ef75
811d55e9-a43b-11e3-a81c-001b21a1ef75;ХУТОРОК;6fd66ba6-6fb5-11e4-823f-001b21a1ef75
0122f6e2-6fe8-11e4-823f-001b21a1ef75;ГОСТ;6fd66bb4-6fb5-11e4-823f-001b21a1ef75
862bad3a-cbdd-11e4-b418-001b21a1ef75;ВИН АГРО;04757449-1462-11e3-8c04-001b21a1ef75
fd57b1cc-6e5f-11e4-823f-001b21a1ef75;JAMESON;65af354a-712c-11e3-9b54-001b21a1ef75
fd57b1b5-6e5f-11e4-823f-001b21a1ef75;ШАБО;0475744f-1462-11e3-8c04-001b21a1ef75
12a046b6-cbc9-11e0-83f6-0027139014cf;НYХОL;3da17685-b58f-11e3-b1b7-001b21a1ef75
3da17689-b58f-11e3-b1b7-001b21a1ef75;ЗГУЩЕНЕ МОЛОКО;92bab8cb-11d1-11e0-acfe-00132107ba1d
de54d4d3-8c3d-11e4-bf77-001b21a1ef75;МЕДОБОРИ;6fd66bb4-6fb5-11e4-823f-001b21a1ef75
fd57b1a8-6e5f-11e4-823f-001b21a1ef75;ЛІКЕР;72d964ea-11d1-11e0-acfe-00132107ba1d
f43f42c6-5c58-11e1-90cc-bcaec5951f9c;ВЕРМУТИ;72d964ea-11d1-11e0-acfe-00132107ba1d
f9c9147d-6f19-11e4-823f-001b21a1ef75;ХУТОРОК;575bc1c6-b4fb-11e3-b1b7-001b21a1ef75
d3cad030-cbc8-11e0-83f6-0027139014cf;ГАЛІС;93ba6693-b4b6-11e3-b1b7-001b21a1ef75
0c18f44f-cbc9-11e0-83f6-0027139014cf;НУТРІЦІЯ;3da17674-b58f-11e3-b1b7-001b21a1ef75
e1176db8-a5f0-11e4-a93d-001b21a1ef75;СЛАВА;6fd66bb9-6fb5-11e4-823f-001b21a1ef75
6fd66bb5-6fb5-11e4-823f-001b21a1ef75;БУКПАК;6fd66bb4-6fb5-11e4-823f-001b21a1ef75
f9c91466-6f19-11e4-823f-001b21a1ef75;ІНШЕ;93ba6681-b4b6-11e3-b1b7-001b21a1ef75
f5b29f8b-6fc9-11e4-823f-001b21a1ef75;ХУТОРОК;6fd66bb1-6fb5-11e4-823f-001b21a1ef75
f5b29f90-6fc9-11e4-823f-001b21a1ef75;ХУТОРОК;6fd66bba-6fb5-11e4-823f-001b21a1ef75
0122f6cc-6fe8-11e4-823f-001b21a1ef75;ЛІТА;6fd66ba6-6fb5-11e4-823f-001b21a1ef75
4d61b582-6ff1-11e4-823f-001b21a1ef75;ЛІТА;93ba6681-b4b6-11e3-b1b7-001b21a1ef75
10c0ea65-cbca-11e0-83f6-0027139014cf;РОЛЛТОН;575bc1ba-b4fb-11e3-b1b7-001b21a1ef75
3da17680-b58f-11e3-b1b7-001b21a1ef75;СУХОФРУКТИ;92bab8cb-11d1-11e0-acfe-00132107ba1d
1938cc12-126e-11e0-acfe-00132107ba1d;ЧУМАК;93ba6667-b4b6-11e3-b1b7-001b21a1ef75
04cdd9df-c55c-11e3-8f6d-001b21a1ef75;МАРИНАДО;2b509c12-1267-11e0-acfe-00132107ba1d
d3cace70-cbc8-11e0-83f6-0027139014cf;GRAND DI PASTA;93ba6693-b4b6-11e3-b1b7-001b21a1ef75
eb6c9272-1266-11e0-acfe-00132107ba1d;БИСТРОВ;575bc1ba-b4fb-11e3-b1b7-001b21a1ef75
f9c91476-6f19-11e4-823f-001b21a1ef75;ВЕРЕС;f9c9146c-6f19-11e4-823f-001b21a1ef75
0122f6e9-6fe8-11e4-823f-001b21a1ef75;ВІННИЦЬКИЙ КХП;6fd66bb1-6fb5-11e4-823f-001b21a1ef75
78327b1c-1267-11e0-acfe-00132107ba1d;ЛІТА;6fd66baa-6fb5-11e4-823f-001b21a1ef75
fd57b1c7-6e5f-11e4-823f-001b21a1ef75;CARDHU;65af354a-712c-11e3-9b54-001b21a1ef75
d3cad001-cbc8-11e0-83f6-0027139014cf;ВІВСЯНОЧКА;5d225f3a-829d-11e3-a82a-001b21a1ef75
37ad367f-15d7-11e1-843c-00132107ba1d;ТЕРРА;3da17685-b58f-11e3-b1b7-001b21a1ef75
63896ef0-ce1e-11e4-b418-001b21a1ef75;БІ ЕНД ДЖІ;3da17685-b58f-11e3-b1b7-001b21a1ef75
f9c91473-6f19-11e4-823f-001b21a1ef75;ПОМІДОРА;f9c9146c-6f19-11e4-823f-001b21a1ef75
e45de3aa-093a-11e1-8b18-00132107ba1d;СОДА;92bab8cb-11d1-11e0-acfe-00132107ba1d
7fc48f55-646f-11e1-90cc-bcaec5951f9c;СОНОЛА;93ba6667-b4b6-11e3-b1b7-001b21a1ef75
b2695466-ad14-11e4-8ee1-001b21a1ef75;СЛАВА;6fd66bb1-6fb5-11e4-823f-001b21a1ef75
6fd66bc9-6fb5-11e4-823f-001b21a1ef75;ЖМЕНЬКА;6fd66bb9-6fb5-11e4-823f-001b21a1ef75
0122f6c3-6fe8-11e4-823f-001b21a1ef75;ОЛІМП;6fd66bbd-6fb5-11e4-823f-001b21a1ef75
0122f6e6-6fe8-11e4-823f-001b21a1ef75;ГОСТ;6fd66bb7-6fb5-11e4-823f-001b21a1ef75
13f8a3c3-6ef9-11e4-823f-001b21a1ef75;MEUKOW;fd57b1a8-6e5f-11e4-823f-001b21a1ef75
81afd508-1265-11e0-acfe-00132107ba1d;НЕМИРІВ;65af3549-712c-11e3-9b54-001b21a1ef75
da409589-cbc8-11e0-83f6-0027139014cf;МЮСЛІ КРИМСЬКІ;3da17685-b58f-11e3-b1b7-001b21a1ef75
721cc80d-928f-11e0-912b-00132107ba1c;КОРОЛІВСЬКИЙ СМАК;c302bce7-11d1-11e0-acfe-00132107ba1d
f5b29f9e-6fc9-11e4-823f-001b21a1ef75;ЗОЛОТИЙ УРОЖАЙ;6fd66bad-6fb5-11e4-823f-001b21a1ef75
03d9d083-d0fa-11e3-acbf-001b21a1ef75;ЗАКАРПАТСЬКА КОЛЕКЦІЯ;04757449-1462-11e3-8c04-001b21a1ef75
8274c756-ee3a-11e4-80e4-001b21a1ef75;ЛЮБИСТОК;93ba6681-b4b6-11e3-b1b7-001b21a1ef75
93ba668b-b4b6-11e3-b1b7-001b21a1ef75;ЛАСОЧКА;93ba6681-b4b6-11e3-b1b7-001b21a1ef75
30dceb42-1ef6-11e4-becf-001b21a1ef75;КОМГАЛКОМ;13f8a3c9-6ef9-11e4-823f-001b21a1ef75
f9c91458-6f19-11e4-823f-001b21a1ef75;КОРОЛІВСЬКИЙ СМАК;3da1767a-b58f-11e3-b1b7-001b21a1ef75
bf49c1f0-ceb2-11e3-8f6d-001b21a1ef75;ОСКАР;3da17680-b58f-11e3-b1b7-001b21a1ef75
7fc48f56-646f-11e1-90cc-bcaec5951f9c;КУМ;93ba6667-b4b6-11e3-b1b7-001b21a1ef75
93ba6667-b4b6-11e3-b1b7-001b21a1ef75;ОЛІЯ;92bab8cb-11d1-11e0-acfe-00132107ba1d
0122f6eb-6fe8-11e4-823f-001b21a1ef75;ВІННИЦЬКИЙ КХП;6fd66bbc-6fb5-11e4-823f-001b21a1ef75
f5b29f73-6fc9-11e4-823f-001b21a1ef75;БОНА;6fd66baa-6fb5-11e4-823f-001b21a1ef75
6ed46852-c628-11e3-8f6d-001b21a1ef75;ЩЕДРО;2b509c12-1267-11e0-acfe-00132107ba1d
4d61b579-6ff1-11e4-823f-001b21a1ef75;ВАЛ - ЯН;6fd66bb1-6fb5-11e4-823f-001b21a1ef75
6fd66bb7-6fb5-11e4-823f-001b21a1ef75;ПШОНО;93ba6699-b4b6-11e3-b1b7-001b21a1ef75
44bac75f-ed80-11e4-80e4-001b21a1ef75;KAHLUA;fd57b1a8-6e5f-11e4-823f-001b21a1ef75
332bf489-cbdc-11e4-b418-001b21a1ef75;АЛАВЕРДИ;04757449-1462-11e3-8c04-001b21a1ef75
fd57b1a3-6e5f-11e4-823f-001b21a1ef75;ЗУБРІВКА;65af3549-712c-11e3-9b54-001b21a1ef75
51f45867-be91-11e4-985f-001b21a1ef75;АВАНТА;dd165c18-7a2a-11e4-823f-001b21a1ef75
575bc1c8-b4fb-11e3-b1b7-001b21a1ef75;РУНА;575bc1c6-b4fb-11e3-b1b7-001b21a1ef75
f5b29f78-6fc9-11e4-823f-001b21a1ef75;БОНА;6fd66bba-6fb5-11e4-823f-001b21a1ef75
bf49c1eb-ceb2-11e3-8f6d-001b21a1ef75;КОКШАРОВ;9b3d9a0a-3ff4-11e0-9ef8-00132107ba1d
04757449-1462-11e3-8c04-001b21a1ef75;ВИНО;72d964ea-11d1-11e0-acfe-00132107ba1d
65af354a-712c-11e3-9b54-001b21a1ef75;ВІСКІ;72d964ea-11d1-11e0-acfe-00132107ba1d
9b3d9a0c-3ff4-11e0-9ef8-00132107ba1d;ТОМАТНА ПАСТА КОКШАРОВ;575bc1c6-b4fb-11e3-b1b7-001b21a1ef75
04cdd9d4-c55c-11e3-8f6d-001b21a1ef75;ГУРМАН;575bc1c6-b4fb-11e3-b1b7-001b21a1ef75
e73e421f-6e7f-11e1-90cc-bcaec5951f9c;ЖМЕНЬКА;93ba6693-b4b6-11e3-b1b7-001b21a1ef75
229d3c56-0c61-11e2-a416-000c295faca5;НЕСТЛЕ;3da17674-b58f-11e3-b1b7-001b21a1ef75
3da17674-b58f-11e3-b1b7-001b21a1ef75;ДИТЯЧЕ ХАРЧУВАННЯ;92bab8cb-11d1-11e0-acfe-00132107ba1d
9b3d99ff-3ff4-11e0-9ef8-00132107ba1d;ДРІЖДЖІ;92bab8cb-11d1-11e0-acfe-00132107ba1d
4d61b57a-6ff1-11e4-823f-001b21a1ef75;ВАЛ - ЯН;6fd66bbc-6fb5-11e4-823f-001b21a1ef75
f68f85d7-e762-11e4-8ee7-001b21a1ef75;COINTREAU;fd57b1a8-6e5f-11e4-823f-001b21a1ef75
0122f6de-6fe8-11e4-823f-001b21a1ef75;ГОСТ;6fd66ba6-6fb5-11e4-823f-001b21a1ef75
f5b29f97-6fc9-11e4-823f-001b21a1ef75;ЧЕМПІОН;6fd66bad-6fb5-11e4-823f-001b21a1ef75
fd57b1bb-6e5f-11e4-823f-001b21a1ef75;SHERIDANS;fd57b1a8-6e5f-11e4-823f-001b21a1ef75
88e5b585-e759-11e4-8ee7-001b21a1ef75;BLACK+WHITE;65af354a-712c-11e3-9b54-001b21a1ef75
fd57b1c1-6e5f-11e4-823f-001b21a1ef75;REMY MARTIN;0475744f-1462-11e3-8c04-001b21a1ef75
c302bce7-11d1-11e0-acfe-00132107ba1d;КЕТЧУП;93ba668c-b4b6-11e3-b1b7-001b21a1ef75
6fd66bbe-6fb5-11e4-823f-001b21a1ef75;БУКПАК;6fd66bbd-6fb5-11e4-823f-001b21a1ef75
e1176dba-a5f0-11e4-a93d-001b21a1ef75;СЛАВА;6fd66bb7-6fb5-11e4-823f-001b21a1ef75
f68f8603-e762-11e4-8ee7-001b21a1ef75;АБСЕНТ;72d964ea-11d1-11e0-acfe-00132107ba1d
35c8f9e0-9cee-11e2-8431-001b21a1ef75;ДОБРОДІЯ;3da17685-b58f-11e3-b1b7-001b21a1ef75
4756b4c4-73b9-11e4-823f-001b21a1ef75;СИБОКО;67497241-7994-11e1-af28-000c295faca5
f5b29f82-6fc9-11e4-823f-001b21a1ef75;ГАДЗ;6fd66bbc-6fb5-11e4-823f-001b21a1ef75
3af2c553-e767-11e4-8ee7-001b21a1ef75;БАЛЬЗАМ;72d964ea-11d1-11e0-acfe-00132107ba1d
bf49c1e3-ceb2-11e3-8f6d-001b21a1ef75;ВАЛ-ЯН;93ba6681-b4b6-11e3-b1b7-001b21a1ef75
10c0eb94-cbca-11e0-83f6-0027139014cf;ЕКО;93ba6681-b4b6-11e3-b1b7-001b21a1ef75
ea552d80-cbc9-11e0-83f6-0027139014cf;ANRI;3da1767a-b58f-11e3-b1b7-001b21a1ef75
871dbf2b-c612-11e3-8f6d-001b21a1ef75;ХАМЕ;3da17674-b58f-11e3-b1b7-001b21a1ef75
ed6d4469-85fa-11e4-9057-001b21a1ef75;HENNESSY;0475744f-1462-11e3-8c04-001b21a1ef75
0122f6d1-6fe8-11e4-823f-001b21a1ef75;ЛІТА;6fd66bbc-6fb5-11e4-823f-001b21a1ef75
6fd66ba7-6fb5-11e4-823f-001b21a1ef75;АРО;6fd66ba6-6fb5-11e4-823f-001b21a1ef75
5b089032-e319-11e2-a5ac-001b21a1ef75;ЛЕДОФФ;65af3549-712c-11e3-9b54-001b21a1ef75
9b3d99ee-3ff4-11e0-9ef8-00132107ba1d;ЗАПРАВКА ДО БОРЩУ;93ba6684-b4b6-11e3-b1b7-001b21a1ef75
2b80de65-714b-11e4-823f-001b21a1ef75;БОН ХЕРСОН;575bc1c6-b4fb-11e3-b1b7-001b21a1ef75
d3cace88-cbc8-11e0-83f6-0027139014cf;MELISSA;93ba6693-b4b6-11e3-b1b7-001b21a1ef75
0b9cab45-15f6-11e3-8c04-001b21a1ef75;PASTA PRIMA;93ba6693-b4b6-11e3-b1b7-001b21a1ef75
2b509c12-1267-11e0-acfe-00132107ba1d;ГІРЧИЦЯ;92bab8cb-11d1-11e0-acfe-00132107ba1d
48894e17-c9e4-11e3-8f6d-001b21a1ef75;КОЗУБ;3da17687-b58f-11e3-b1b7-001b21a1ef75
f5b29f71-6fc9-11e4-823f-001b21a1ef75;ДЕСНА;6fd66ba6-6fb5-11e4-823f-001b21a1ef75
f5b29f76-6fc9-11e4-823f-001b21a1ef75;БОНА;f5b29f6a-6fc9-11e4-823f-001b21a1ef75
fd57b1b8-6e5f-11e4-823f-001b21a1ef75;ГРАНД  МАРНЬЄ;fd57b1a8-6e5f-11e4-823f-001b21a1ef75
f9c91454-6f19-11e4-823f-001b21a1ef75;ДИКАНЬКА;93ba6667-b4b6-11e3-b1b7-001b21a1ef75
05c2ff83-cbc9-11e0-83f6-0027139014cf;АГУША;3da17674-b58f-11e3-b1b7-001b21a1ef75
16ad4a29-c88b-11e4-b418-001b21a1ef75;ВІЛІЯ;6fd66bad-6fb5-11e4-823f-001b21a1ef75
fd57b1b9-6e5f-11e4-823f-001b21a1ef75;JAGERMEISTER;fd57b1a8-6e5f-11e4-823f-001b21a1ef75
0c18f29d-cbc9-11e0-83f6-0027139014cf;ГЕРБЕР;3da17674-b58f-11e3-b1b7-001b21a1ef75
f5b29f6c-6fc9-11e4-823f-001b21a1ef75;ХАТИНКА;6fd66bba-6fb5-11e4-823f-001b21a1ef75
f43f42c5-5c58-11e1-90cc-bcaec5951f9c;BACARDI;fd57b1bd-6e5f-11e4-823f-001b21a1ef75
fd57b1c3-6e5f-11e4-823f-001b21a1ef75;АБСОЛЮТ;65af3549-712c-11e3-9b54-001b21a1ef75
10c0eb67-cbca-11e0-83f6-0027139014cf;МЛИНОК;93ba6681-b4b6-11e3-b1b7-001b21a1ef75
f9c91451-6f19-11e4-823f-001b21a1ef75;ЧЕМПІОН;93ba6667-b4b6-11e3-b1b7-001b21a1ef75
0122f6ec-6fe8-11e4-823f-001b21a1ef75;ВІННИЦЬКИЙ КХП;6fd66baa-6fb5-11e4-823f-001b21a1ef75
e73e4220-6e7f-11e1-90cc-bcaec5951f9c;МАКФА;6fd66ba6-6fb5-11e4-823f-001b21a1ef75
3676da64-8c36-11e4-bf77-001b21a1ef75;МЕДОБОРИ;f5b29f6a-6fc9-11e4-823f-001b21a1ef75
93ba6691-b4b6-11e3-b1b7-001b21a1ef75;КOКШАРОВ;93ba6681-b4b6-11e3-b1b7-001b21a1ef75
12a046a2-cbc9-11e0-83f6-0027139014cf;ЗАГОРА;3da17685-b58f-11e3-b1b7-001b21a1ef75
40b07db0-1267-11e0-acfe-00132107ba1d;ТАЯ 400г;a00ab420-566b-11e3-832c-001b21a1ef75
1117fafd-71f4-11e2-9f6e-0002449c77f2;MILUPA;3da17674-b58f-11e3-b1b7-001b21a1ef75
05c2fecb-cbc9-11e0-83f6-0027139014cf;BEBIVITA;3da17674-b58f-11e3-b1b7-001b21a1ef75
0122f6e4-6fe8-11e4-823f-001b21a1ef75;ГОСТ;6fd66bb9-6fb5-11e4-823f-001b21a1ef75
ff77053c-cbd2-11e4-b418-001b21a1ef75;АЙ-ПЕТРІ;0475744f-1462-11e3-8c04-001b21a1ef75
b12792f3-cbc9-11e0-83f6-0027139014cf;ЩЕДРО;93ba6668-b4b6-11e3-b1b7-001b21a1ef75
9b3d99fe-3ff4-11e0-9ef8-00132107ba1d;ГАЛІНА БЛАНКА;93ba6681-b4b6-11e3-b1b7-001b21a1ef75
51f45881-be91-11e4-985f-001b21a1ef75;АВАНТА;f9c9146c-6f19-11e4-823f-001b21a1ef75
9b3d99eb-3ff4-11e0-9ef8-00132107ba1d;ТОРЧИН;c302bce7-11d1-11e0-acfe-00132107ba1d
f9c91467-6f19-11e4-823f-001b21a1ef75;ДЕРБІ;2b509c12-1267-11e0-acfe-00132107ba1d
f5b29f9a-6fc9-11e4-823f-001b21a1ef75;ЧЕМПІОН;6fd66bb7-6fb5-11e4-823f-001b21a1ef75
fd57b1a2-6e5f-11e4-823f-001b21a1ef75;ГРЕЙ ГУЗ;65af3549-712c-11e3-9b54-001b21a1ef75
6ac9a375-15d3-11e1-843c-00132107ba1d;ЛАСОЧКА;575bc1ba-b4fb-11e3-b1b7-001b21a1ef75
51f45875-be91-11e4-985f-001b21a1ef75;АВАНТА;2b509c12-1267-11e0-acfe-00132107ba1d
7fbff00c-6b45-11e4-a90a-001b21a1ef75;РАДЕХІВСЬКИЙ;3da17687-b58f-11e3-b1b7-001b21a1ef75
f5b29f81-6fc9-11e4-823f-001b21a1ef75;ГАДЗ;6fd66ba6-6fb5-11e4-823f-001b21a1ef75
f9c9144f-6f19-11e4-823f-001b21a1ef75;АРО;93ba6667-b4b6-11e3-b1b7-001b21a1ef75
0122f6bd-6fe8-11e4-823f-001b21a1ef75;ЗОЛОТИЙ УРОЖАЙ;3da17687-b58f-11e3-b1b7-001b21a1ef75
3676da57-8c36-11e4-bf77-001b21a1ef75;МЕДОБОРИ;3676da50-8c36-11e4-bf77-001b21a1ef75
f5b29f6e-6fc9-11e4-823f-001b21a1ef75;БОНА;6fd66ba6-6fb5-11e4-823f-001b21a1ef75
44bac743-ed80-11e4-80e4-001b21a1ef75;BECHEROVKA;fd57b1a8-6e5f-11e4-823f-001b21a1ef75
0475744f-1462-11e3-8c04-001b21a1ef75;КОНЬЯКИ;72d964ea-11d1-11e0-acfe-00132107ba1d
0122f6be-6fe8-11e4-823f-001b21a1ef75;ОЛІМП;6fd66baa-6fb5-11e4-823f-001b21a1ef75
f5b29f8d-6fc9-11e4-823f-001b21a1ef75;ХУТОРОК;6fd66bad-6fb5-11e4-823f-001b21a1ef75
bf49c1e2-ceb2-11e3-8f6d-001b21a1ef75;АРІЯ;93ba6681-b4b6-11e3-b1b7-001b21a1ef75
93ba6685-b4b6-11e3-b1b7-001b21a1ef75;МІВІНА;93ba6681-b4b6-11e3-b1b7-001b21a1ef75
c4f5b39e-ce08-11e4-b418-001b21a1ef75;О-LA-LA;3da17685-b58f-11e3-b1b7-001b21a1ef75
fc04d1f5-1551-11e3-8c04-001b21a1ef75;КОРОЛІВСЬКИЙ СМАК;93ba6693-b4b6-11e3-b1b7-001b21a1ef75
195339f9-bd99-11e4-985f-001b21a1ef75;ОЛІЯР;93ba6667-b4b6-11e3-b1b7-001b21a1ef75
0c18f53b-cbc9-11e0-83f6-0027139014cf;ХІПП;3da17674-b58f-11e3-b1b7-001b21a1ef75
a0a8b81c-d69f-11e4-98e2-001b21a1ef75;УКРАЇНСЬКА РИСОВА КОМПАНІЯ;6fd66baa-6fb5-11e4-823f-001b21a1ef75
f5b29f64-6fc9-11e4-823f-001b21a1ef75;ХАТИНКА;6fd66bb7-6fb5-11e4-823f-001b21a1ef75
93ba6699-b4b6-11e3-b1b7-001b21a1ef75;КРУПИ;92bab8cb-11d1-11e0-acfe-00132107ba1d
65af3549-712c-11e3-9b54-001b21a1ef75;ГОРІЛКА;72d964ea-11d1-11e0-acfe-00132107ba1d
aa3aec85-cbc9-11e0-83f6-0027139014cf;ВІКІ;93ba6668-b4b6-11e3-b1b7-001b21a1ef75
e415fc47-1268-11e0-acfe-00132107ba1d;ЖЕЛЕ;4f8c5eba-1271-11e0-acfe-00132107ba1d
b84f2387-9d12-11e2-8431-001b21a1ef75;КИЇВ МІКС;93ba6693-b4b6-11e3-b1b7-001b21a1ef75
f9c9144c-6f19-11e4-823f-001b21a1ef75;ОРІЯ;93ba6667-b4b6-11e3-b1b7-001b21a1ef75
54c46751-fb4c-11e1-a416-000c295faca5;ВІННІ;3da17674-b58f-11e3-b1b7-001b21a1ef75
e72ec0eb-1272-11e0-acfe-00132107ba1d;РУНА;2b509c12-1267-11e0-acfe-00132107ba1d
0122f6ba-6fe8-11e4-823f-001b21a1ef75;ЗОЛОТИЙ УРОЖАЙ;6fd66bbc-6fb5-11e4-823f-001b21a1ef75
1cb43e24-a449-11e3-a81c-001b21a1ef75;ОЛІМП;6fd66ba6-6fb5-11e4-823f-001b21a1ef75
722d5a9d-be59-11e4-985f-001b21a1ef75;ТОВ КВФ C&C;6fd66ba6-6fb5-11e4-823f-001b21a1ef75
bf49c1ea-ceb2-11e3-8f6d-001b21a1ef75;ЧУМАК;9b3d9a0a-3ff4-11e0-9ef8-00132107ba1d
7543f546-be6d-11e4-985f-001b21a1ef75;ГАЛС;575bc1c6-b4fb-11e3-b1b7-001b21a1ef75
3c1d100b-b2f1-11e2-8fd5-001b21a1ef75;ГУРМАН;f9c9146c-6f19-11e4-823f-001b21a1ef75
a00ab415-566b-11e3-832c-001b21a1ef75;НАВАРО;f9c9146c-6f19-11e4-823f-001b21a1ef75
05c2ff57-cbc9-11e0-83f6-0027139014cf;SEMPER;3da17674-b58f-11e3-b1b7-001b21a1ef75
339dc8a2-8040-11e4-823f-001b21a1ef75;ПЕРША ГІЛЬДІЯ;65af3549-712c-11e3-9b54-001b21a1ef75
04757451-1462-11e3-8c04-001b21a1ef75;ШАМПАНСЬКЕ;72d964ea-11d1-11e0-acfe-00132107ba1d
e89fd39d-a3a7-11e3-a81c-001b21a1ef75;ХУТОРОК;3da17687-b58f-11e3-b1b7-001b21a1ef75
fd57b19e-6e5f-11e4-823f-001b21a1ef75;ФІНЛЯНДІЯ;65af3549-712c-11e3-9b54-001b21a1ef75
da4095e2-cbc8-11e0-83f6-0027139014cf;ПОПРОБУЙ;3da17685-b58f-11e3-b1b7-001b21a1ef75
13f8a3f9-6ef9-11e4-823f-001b21a1ef75;ДОБАВКИ;3da17685-b58f-11e3-b1b7-001b21a1ef75
3ff83a52-7ed3-11e4-823f-001b21a1ef75;ЧЕМПІОН;f9c9146c-6f19-11e4-823f-001b21a1ef75
b4e78832-c32a-11e4-8592-001b21a1ef75;СЛАВА;6fd66bbd-6fb5-11e4-823f-001b21a1ef75
f5b29f70-6fc9-11e4-823f-001b21a1ef75;КРИМСЬКЕ;6fd66ba6-6fb5-11e4-823f-001b21a1ef75
4d61b581-6ff1-11e4-823f-001b21a1ef75;ВАЛ - ЯН;9b3d9a0a-3ff4-11e0-9ef8-00132107ba1d
fd57b1b3-6e5f-11e4-823f-001b21a1ef75;ГРІНВІЧ;0475744f-1462-11e3-8c04-001b21a1ef75
93ba6684-b4b6-11e3-b1b7-001b21a1ef75;ТОРЧИН;93ba6681-b4b6-11e3-b1b7-001b21a1ef75
04cdd9cf-c55c-11e3-8f6d-001b21a1ef75;ГОСПОДАРОЧКА;c302bce7-11d1-11e0-acfe-00132107ba1d
9b3d9a08-3ff4-11e0-9ef8-00132107ba1d;БІЛИКИ;3da17689-b58f-11e3-b1b7-001b21a1ef75
9b3d99f7-3ff4-11e0-9ef8-00132107ba1d;ГОРОДОК;3da17689-b58f-11e3-b1b7-001b21a1ef75
f9c9144d-6f19-11e4-823f-001b21a1ef75;РОДИНА;93ba6667-b4b6-11e3-b1b7-001b21a1ef75
2c311236-d69f-11e3-9e2d-001b21a1ef75;СТОЖАР;93ba6667-b4b6-11e3-b1b7-001b21a1ef75
6711d314-600e-11e4-a889-001b21a1ef75;ОЛЕЙКІНО;93ba6667-b4b6-11e3-b1b7-001b21a1ef75
6fd66bdb-6fb5-11e4-823f-001b21a1ef75;ХАТИНКА;6fd66bb1-6fb5-11e4-823f-001b21a1ef75
6e2c03c3-fdbe-11e3-8f9c-001b21a1ef75;МІВІНА;f9c91478-6f19-11e4-823f-001b21a1ef75
9b3d99fd-3ff4-11e0-9ef8-00132107ba1d;ДЕРБІ;c302bce7-11d1-11e0-acfe-00132107ba1d
862bad3d-cbdd-11e4-b418-001b21a1ef75;ДРЕВНЬО КИЇВСЬКА;65af3549-712c-11e3-9b54-001b21a1ef75
13f8a3fb-6ef9-11e4-823f-001b21a1ef75;ГОЛДЕН КІНГ;3da17685-b58f-11e3-b1b7-001b21a1ef75
9b3d9a00-3ff4-11e0-9ef8-00132107ba1d;ПЕРВОМАЙСЬК;3da17689-b58f-11e3-b1b7-001b21a1ef75
8e755909-95c3-11e1-a6ce-000c295faca5;СЛАВОЛІЯ;93ba6667-b4b6-11e3-b1b7-001b21a1ef75
9b3d9a0a-3ff4-11e0-9ef8-00132107ba1d;СІЛЬ;93ba6699-b4b6-11e3-b1b7-001b21a1ef75
